Name,Current_Skills,Wanted_skills,Age,College,Attendance
Andre Agassi,"['Ephemera collecting', 'Lapel pins', 'Tai chi']","['Handball', 'Radio-controlled model playing']",97,Santa Cruz County Regional Occupation Program,undergraduate
Andy Warhol,"['Radio-controlled model playing', 'Cribbage', 'Ice skating', 'Surfing', 'Tea bag collecting']","['Lacrosse', 'Insect collecting', 'Finance', 'Geocaching', 'Graffiti']",97,Cabrillo College,undergraduate
Amos Bronson Alcott,"['Dairy Farming', 'Benchmarking', 'Sun bathing', 'Motor sports', 'Sun bathing']","['jurisprudential', 'Railway modelling', 'Basketball', 'Lomography', 'Chess']",47,Santa Cruz County Office of Education,phd
Andrew Johnson,"['Surfing', 'Rock painting', 'Marbles']","['Polo', 'Gold prospecting', 'Vintage cars', 'Air hockey']",37,Santa Cruz County Regional Occupation Program,undergraduate
Arnold Schwarzenegger,['Gymnastics'],"['Rock climbing', 'Badminton']",69,"CSUMB - California State University, Monterey Bay",phd
Ani DiFranco,"['Auto racing', 'Figure Skating']","['Ticket collecting', 'Action figure']",30,UCSC - University of California at Santa Cruz,masters
Anthony Hopkins,"['Horsemanship', 'Motor sports', 'Fingerprint collecting']","['Crystals', 'Shooting sports', 'Pool']",34,Santa Cruz County Regional Occupation Program,N/A
Anaïs Nin,"['Mini Golf', 'Architecture', 'Ephemera collecting', 'Roller skating', 'Fencing']","['Field hockey', 'Roller skating', 'Dog walking', 'Roundnet', 'Radio-controlled model playing']",53,"CSUMB - California State University, Monterey Bay",N/A
Adrian Lamo,['publishing'],"['Softball', 'Railway modelling', 'Camping', 'Element collecting']",59,"CSUMB - California State University, Monterey Bay",phd
Al Capp,['Bus spotting[22'],"['Netball', 'Renaissance fair', 'Roller skating', 'Dog walking']",32,Did not attend college,N/A
Arthur Jensen,"['Racquetball', 'Sports memorabilia']","['Compact discs', 'Amateur astronomy', 'Color guard', 'Bodybuilding', 'Road biking']",81,Cabrillo College,undergraduate
Albert Brooks,"['Laser tag', 'jurisprudential']",['Speedcubing'],34,Did not attend college,N/A
Arlo Guthrie,"['Badminton', 'Finance']","['Car tuning', 'Parkour', 'Speedcubing']",23,UCSC - University of California at Santa Cruz,undergraduate
Bill Gates,"['Sports science', 'Mycology', 'Topiary']",['Basketball'],42,Cabrillo College,masters
Bing Crosby,"['Field hockey', 'Geocaching', 'Cheerleading']","['Movie memorabilia collecting', 'Trapshooting', 'Softball', 'Snorkeling', 'Railway modelling']",85,Cabrillo College,undergraduate
Blythe Danner,"['Dog sport', 'Pool', 'Rock painting']",['Climbing'],64,"CSUMB - California State University, Monterey Bay",N/A
George Herman Ruth,"['Taekwondo', 'Fingerprint collecting', 'Fruit picking']",['Billiards'],79,"CSUMB - California State University, Monterey Bay",N/A
Berry Berenson,"['Mini Golf', 'Railway journeys', 'Auto racing', 'Color guard', 'Stamp collecting']","['Powerboat racing', 'Hooping', 'Badminton', 'Motor sports', 'Swimming']",36,Santa Cruz County Office of Education,masters
Buddy Holly,"['Kitesurfing', 'Renovating']","['Softball', 'BASE jumping', 'Meditation', 'Pool']",63,Did not attend college,N/A
Burt Lancaster,"['Powerboat racing', 'Cribbage', 'jurisprudential', 'Sports memorabilia']","['Deltiology\xa0(postcard collecting)', 'Australian rules football']",26,Santa Cruz County Office of Education,N/A
Allan Huber Selig,"['Ephemera collecting', 'Knife collecting', 'publishing', 'Herping']","['Myrmecology', 'Taekwondo', 'Squash', 'Canoeing']",33,Santa Cruz County Regional Occupation Program,masters
Billy Crystal,['Meditation'],"['Speedcubing', 'Radio-controlled model playing', 'Action figure']",65,Santa Cruz County Regional Occupation Program,undergraduate
Bruce Campbell,"['Knife collecting', 'Speedcubing']","['Qigong', 'Astronomy']",19,Santa Cruz County Office of Education,phd
Barry Goldwater,"['Flower collecting and pressing', 'Cheerleading', 'Lacrosse', 'publishing', 'Mycology']",['Automobilism'],25,Cabrillo College,N/A
Bill Bixby,['Swimming'],"['Photography', 'Tai chi', 'Knife collecting']",26,Santa Cruz County Office of Education,masters
Bela Lugosi,"['Action figure', 'Scouting', 'Picnicking', 'Race walking']","['Whale watching', 'Coin collecting']",55,Cabrillo College,undergraduate
Bill Bryson,"['Scuba diving', 'Color guard', 'Leaves', 'Road biking']",['Shogi'],59,UCSC - University of California at Santa Cruz,undergraduate
Charlize Theron,"['Sun bathing', 'Leaves', 'Curling']",['Pool'],91,"CSUMB - California State University, Monterey Bay",undergraduate
Courtney Love,"['Dowsing', 'Magnet fishing', 'Notaphily\xa0(banknote collecting)', 'Element collecting']","['Architecture', 'Medical science', 'Rock climbing', 'Badminton', 'Speed skating']",61,Santa Cruz County Regional Occupation Program,masters
Cecil B. DeMille,"['Vintage cars', 'Bus spotting[22']","['Airsoft', 'Mini Golf', 'Architecture', 'Whale watching']",82,Santa Cruz County Office of Education,phd
Carl Sagan,"['Comic book collecting', 'Trapshooting', 'publishing']","['Speedcubing', 'Flower collecting and pressing']",28,Cabrillo College,masters
Cecilia Beaux,"['Biology', 'Car tuning']","['Footbag', 'Softball', 'publishing']",20,Did not attend college,N/A
Charles Evans Hughes,['Trapshooting'],"['Motor sports', 'Race walking', 'Railway modelling', 'Boxing']",18,Santa Cruz County Office of Education,masters
Charles Mingus,['Road biking'],"['Knife collecting', 'Iceboat racing', 'Lomography', 'Iceboat racing']",62,Santa Cruz County Regional Occupation Program,phd
Drew Barrymore,"['Compact discs', 'Camping', 'Pickleball']","['Horseback riding', 'Air hockey', 'Chess', 'Sports science', 'Skateboarding']",45,Cabrillo College,undergraduate
David Wark Griffith,"['Ephemera collecting', 'Sculling\xa0or\xa0rowing', 'Figure Skating', 'jurisprudential', 'Kart racing']","['Trapshooting', 'Rock climbing', 'Sculling\xa0or\xa0rowing', 'History', 'Handball']",36,Did not attend college,N/A
David Lynch,"['Video gaming', 'Photography', 'Whale watching', 'Motor sports', 'Hooping']","['Aircraft spotting', 'Dog walking', 'Paragliding', 'Sculling\xa0or\xa0rowing']",87,UCSC - University of California at Santa Cruz,undergraduate
Dalton Trumbo,"['Sun bathing', 'Gymnastics', 'Whale watching', 'Travel']","['Video game collecting', 'Field hockey', 'Linguistics', 'Model United Nations']",91,Cabrillo College,N/A
David D. Friedman,"['Transit map collecting', 'Cycling', 'Animal fancy']",['Roundnet'],78,Santa Cruz County Regional Occupation Program,phd
Douglas Engelbart,"['Crystals', 'Camping', 'Fencing']",['Dog sport'],81,Did not attend college,N/A
Dave Grohl,"['Breakdancing', 'Knife collecting', 'Cornhole', 'Book collecting']","['Speedcubing', 'Graffiti', 'Kart racing', 'Scutelliphily']",63,"CSUMB - California State University, Monterey Bay",masters
Dwight D. Eisenhower,"['People-watching', 'BASE jumping', 'Insect collecting', 'Lotology\xa0(lottery ticket collecting)']","['Shogi', 'Action figure']",31,Cabrillo College,undergraduate
Doris Day,"['Graffiti', 'Story writing', 'Guerrilla gardening']","['Mini Golf', 'Graffiti']",33,Santa Cruz County Regional Occupation Program,phd
David Letterman,"['Pickleball', 'Bowling', 'Car tuning', 'Flying model planes', 'Softball']","['Cartophily\xa0(card collecting)', 'Renaissance fair', 'Lomography', 'Whale watching']",34,"CSUMB - California State University, Monterey Bay",masters
Delroy Lindo,"['Compact discs', 'Motor sports', 'Dog walking']","['Baking', 'Curling', 'Movie memorabilia collecting', 'Car tuning']",40,Santa Cruz County Office of Education,N/A
Danny Elfman,"['Notaphily\xa0(banknote collecting)', 'Table tennis playing', 'Beachcombing']","['Inline skating', 'Lapel pins', 'Boxing', 'Judo', 'Guerrilla gardening']",93,Santa Cruz County Regional Occupation Program,N/A
Dirk Benedict,"['Benchmarking', 'Cornhole', 'Lapel pins', 'Softball', 'Hunting']","['Model United Nations', 'Gymnastics', 'Color guard']",88,Santa Cruz County Office of Education,N/A
Douglas Hofstadter,"['Marbles', 'Safari', 'Biology']","['BASE jumping', 'Sports science', 'Car tuning', 'Vintage cars']",32,Santa Cruz County Regional Occupation Program,N/A
Dennis Hopper,"['Radio-controlled model playing', 'Fossicking']","['Netball', 'Tennis', 'Shooting sports', 'Snorkeling', 'Badminton']",82,UCSC - University of California at Santa Cruz,N/A
Danny Kaye,"['Biology', 'Pool', 'Kart racing', 'Motor sports', 'Laser tag']",['Marbles'],75,Cabrillo College,N/A
Dale Chihuly,"['Knife collecting', 'Speed skating']",['Sand art'],75,"CSUMB - California State University, Monterey Bay",phd
Edward Sapir,"['Backpacking', 'Softball', 'Dodgeball']","['Gymnastics', 'Radio-controlled model playing', 'Philosophy', 'Knife collecting']",97,Cabrillo College,phd
Ethan Allen,"['Racquetball', 'Climbing', 'Motor sports', 'Snowboarding']","['jurisprudential', 'Notaphily\xa0(banknote collecting)', 'Fencing']",98,Santa Cruz County Regional Occupation Program,masters
Edgar Rice Burroughs,"['Blacksmithing', 'Model United Nations', 'Neuroscience', 'Antiquities']","['Entrepreneurship', 'Color guard']",34,"CSUMB - California State University, Monterey Bay",phd
Eugene Wigner,"['Sculling\xa0or\xa0rowing', 'Stuffed toy collecting', 'Amusement park visiting']","['Race walking', 'Pickleball']",25,Cabrillo College,undergraduate
Elias Boudinot,"['Crystals', 'Sun bathing', 'Graffiti', 'jurisprudential']",['Graffiti'],18,UCSC - University of California at Santa Cruz,phd
Eve Arden,['Ant-keeping'],"['Radio-controlled model playing', 'Cycling']",24,Santa Cruz County Regional Occupation Program,N/A
Elyssa Davalos,"['Fossicking', 'Car riding']","['Racquetball', 'Marbles', 'Teaching', 'Ant-keeping']",64,Santa Cruz County Office of Education,masters
Elie Wiesel,"['Scouting', 'Vacation']","['Ultimate frisbee', 'Table tennis playing', 'Australian rules football', 'Lapel pins', 'Trapshooting']",37,Did not attend college,N/A
Frank Zappa,"['Geocaching', 'publishing', 'Mini Golf']","['Color guard', 'Volleyball']",38,Cabrillo College,undergraduate
Felix Bloch,"['Mycology', 'Storm chasing', 'Sculling\xa0or\xa0rowing']","['Radio-controlled model playing', 'Color guard', 'Renaissance fair']",46,Santa Cruz County Office of Education,masters
Fay Wray,"['Horsemanship', 'Renovating']",['Lapel pins'],39,Did not attend college,N/A
Fiorello La Guardia,"['Kitesurfing', 'Jogging', 'Parkour', 'Graffiti']",['Jujitsu'],57,Cabrillo College,undergraduate
Fred Savage,"['Ice skating', 'Aerospace', 'Herping', 'Flying', 'Graffiti']","['Sea glass collecting', 'Judo']",28,Santa Cruz County Regional Occupation Program,masters
Fritz Lang,"['Sun bathing', 'Bridge', 'Automobilism', 'Table tennis playing']","['Baking', 'Flying model planes']",67,UCSC - University of California at Santa Cruz,phd
George Lucas,"['Airsoft', 'Squash']",['Geocaching'],23,Santa Cruz County Regional Occupation Program,N/A
Gene Kelly,"['Netball', 'Benchmarking', 'Pole dancing', 'Magnet fishing']","['Cartophily\xa0(card collecting)', 'Parkour', 'Blacksmithing']",20,"CSUMB - California State University, Monterey Bay",phd
Garth Brooks,"['Trapshooting', 'Video game collecting', 'Table tennis playing', 'Airsoft']","['Powerboat racing', 'Aircraft spotting', 'Beekeeping']",88,UCSC - University of California at Santa Cruz,N/A
George R. R. Martin,['Radio-controlled model playing'],"['Marbles', 'Pool', 'publishing']",33,"CSUMB - California State University, Monterey Bay",masters
Garry Trudeau,"['Road biking', 'Hooping', 'Beekeeping', 'Tennis polo', 'Knife collecting']","['Fishing', 'Renaissance fair', 'Airsoft']",44,Cabrillo College,phd
Grover Cleveland,"['Cribbage', 'Volleyball']","['Car tuning', 'Shooting sports']",23,Cabrillo College,masters
George Peppard,"['Tai chi', 'Cribbage', 'Table tennis playing']","['Fruit picking', 'Backpacking']",49,UCSC - University of California at Santa Cruz,undergraduate
Gene Hackman,"['Flower collecting and pressing', 'Comic book collecting']",['Shooting sports'],51,Santa Cruz County Regional Occupation Program,undergraduate
Grace Hopper,"['publishing', 'Comic book collecting', 'Speed skating', 'People-watching']","['Go', 'Bus spotting[22', 'Chess', 'Foraging']",90,"CSUMB - California State University, Monterey Bay",undergraduate
Gary Kildall,['Scuba diving'],['Billiards'],37,"CSUMB - California State University, Monterey Bay",undergraduate
Gia Carangi,['Medical science'],"['Radio-controlled model playing', 'Gardening']",23,"CSUMB - California State University, Monterey Bay",N/A
George Cukor,"['Baking', 'Sun bathing', 'Cartophily\xa0(card collecting)', 'Fencing', 'Rughooking']",['Road biking'],50,Santa Cruz County Regional Occupation Program,masters
Gavin MacLeod,"['Shooting sports', 'Animal fancy', 'Soccer', 'Hooping']","['Marbles', 'Bus spotting[22']",97,Santa Cruz County Office of Education,phd
Gary Gygax,"['Rock climbing', 'jurisprudential', 'Table tennis', 'Backgammon']","['Philately', 'Knife collecting', 'Beachcombing']",52,Did not attend college,N/A
George Pólya,"['Laser tag', 'Tennis polo', 'Dodgeball', 'Marbles', 'Sport stacking']",['Race walking'],18,Santa Cruz County Regional Occupation Program,undergraduate
George S. Kaufman,"['Table tennis', 'Audiophile']","['Race walking', 'Speedcubing', 'Trapshooting', 'Table tennis playing']",67,Santa Cruz County Office of Education,undergraduate
George Gershwin,"['Fencing', 'BASE jumping', 'Railway modelling']","['Foraging', 'Motor sports', 'Amusement park visiting']",48,UCSC - University of California at Santa Cruz,masters
George Dantzig,"['Speed skating', 'Ultimate frisbee', 'Action figure']","['Fossicking', 'Architecture', 'Flying', 'Horseshoes', 'Fossil hunting']",84,Santa Cruz County Regional Occupation Program,undergraduate
Henry Ford,['Railway modelling'],"['Dog walking', 'Sculling\xa0or\xa0rowing', 'Tai chi', 'Fencing', 'Car tuning']",82,Cabrillo College,phd
Hank Greenberg,['Swimming'],"['Renaissance fair', 'Video game collecting', 'Car tuning']",21,Santa Cruz County Office of Education,masters
Hugo Gernsback,"['Geocaching', 'Sled dog racing', 'jurisprudential', 'Radio-controlled model playing', 'Guerrilla gardening']","['Figure Skating', 'Speed skating', 'Hooping', 'Architecture']",90,UCSC - University of California at Santa Cruz,masters
Herbert Hoover,"['Baton twirling', 'Handball', 'Guerrilla gardening']","['Speed skating', 'Pickleball', 'Sports science', 'Climbing']",97,Did not attend college,N/A
Halle Berry,"['Ant-keeping', 'Road biking']","['Stone skipping', 'Animal fancy', 'Ticket collecting']",61,Did not attend college,N/A
Harry Connick Jr.,"['Kite flying', 'Speed skating', 'Deltiology\xa0(postcard collecting)', 'Flying model planes']","['Snowmobiling', 'Business', 'Kabaddi', 'Linguistics']",69,UCSC - University of California at Santa Cruz,undergraduate
Henry Rollins,"['Foraging', 'Walking', 'Running', 'Sport stacking']","['Speedcubing', 'Parkour', 'Bowling', 'Trapshooting', 'Airsoft']",93,Cabrillo College,masters
Humphrey Bogart,"['Transit map collecting', 'Surfing', 'Tourism', 'Breakdancing', 'Climbing']","['Pickleball', 'Car riding', 'Inline skating', 'Book collecting', 'Sun bathing']",27,Santa Cruz County Office of Education,phd
Howard Hughes,"['Jujitsu', 'Billiards', 'Ant-keeping', 'Mini Golf', 'Qigong']",['Kite flying'],60,Santa Cruz County Regional Occupation Program,masters
Herbert A. Simon,"['Renaissance fair', 'Tourism', 'jurisprudential', 'Benchmarking']",['Rock climbing'],98,Cabrillo College,phd
Helen Keller,"['Astronomy', 'Botany', 'Swimming', 'Iceboat racing']","['Trainspotting', 'Rock climbing']",79,UCSC - University of California at Santa Cruz,phd
Hugh Hefner,"['Basketball', 'Cribbage', 'Pool']","['Kite flying', 'Sculling\xa0or\xa0rowing', 'Flying', 'Graffiti']",47,"CSUMB - California State University, Monterey Bay",masters
Henry Middleton,"['Fruit picking', 'Scutelliphily', 'Leaves', 'Longboarding']","['Flying model planes', 'Amateur astronomy', 'Shogi']",60,Santa Cruz County Regional Occupation Program,undergraduate
Harry Shearer,['Speedcubing'],"['Storm chasing', 'Australian rules football', 'Iceboat racing']",85,Did not attend college,N/A
Isaac Asimov,"['Dolls', 'Sled dog racing', 'Stamp collecting']",['Chess'],43,Santa Cruz County Regional Occupation Program,phd
Isaac Klein,"['Architecture', 'Bridge']","['Knife collecting', 'Shogi', 'Flying model planes']",80,Santa Cruz County Regional Occupation Program,N/A
Jello Biafra,"['Badminton', 'Tai chi', 'Herping']","['Lapel pins', 'Cartophily\xa0(card collecting)', 'Figure Skating', 'Cricket', 'Dog sport']",47,UCSC - University of California at Santa Cruz,undergraduate
Johnny Unitas,"['Slacklining', 'publishing', 'Softball', 'Action figure']","['Sun bathing', 'Sun bathing', 'Lomography', 'Photography']",93,Santa Cruz County Office of Education,undergraduate
John Quincy Adams,"['publishing', 'Stone skipping', 'Hunting', 'Surfing']",['LARPing'],66,Did not attend college,N/A
Jim Jarmusch,"['Geocaching', 'Blacksmithing']","['Linguistics', 'Boxing', 'Jogging', 'History']",33,Santa Cruz County Office of Education,N/A
James Brown,"['Powerboat racing', 'Ice skating', 'Knife collecting']","['Surfing', 'Dog sport', 'Whale watching', 'Vacation']",97,"CSUMB - California State University, Monterey Bay",undergraduate
Joseph Schumpeter,"['Canoeing', 'Jogging', 'Tourism', 'Taekwondo', 'Sled dog racing']","['Radio-controlled model playing', 'Model United Nations', 'Movie memorabilia collecting', 'Renovating', 'Sports memorabilia']",99,UCSC - University of California at Santa Cruz,phd
Jack Kerouac,"['Beekeeping', 'Railway modelling', 'Mini Golf', 'Go', 'publishing']","['Judo', 'Climbing']",86,UCSC - University of California at Santa Cruz,N/A
Jean-Michel Basquiat,"['Letterboxing', 'Pickleball', 'Rock climbing', 'Hunting']",['Medical science'],63,"CSUMB - California State University, Monterey Bay",masters
John Wilkes Booth,['Medical science'],"['Squash', 'Vintage cars', 'Rail transport modelling', 'jurisprudential', 'Photography']",34,Cabrillo College,undergraduate
Dan Quayle,"['Literature', 'Knife collecting', 'Tai chi', 'Sculling\xa0or\xa0rowing']",['Car tuning'],36,"CSUMB - California State University, Monterey Bay",phd
John von Neumann,"['Handball', 'Vegetable farming']","['Whale watching', 'Cycling']",30,UCSC - University of California at Santa Cruz,N/A
James K. Polk,"['Jogging', 'Radio-controlled model playing', 'Herping', 'Fossicking']","['Compact discs', 'Sled dog racing', 'Rock climbing', 'Bus spotting[22']",36,"CSUMB - California State University, Monterey Bay",phd
Jimmy Carter,"['Rugby league football', 'Knife collecting', 'Photography', 'Blacksmithing']","['Renaissance fair', 'Element collecting']",61,Cabrillo College,masters
John Edgar Hoover,"['Graffiti', 'Myrmecology', 'History', 'Learning', 'publishing']","['Marbles', 'Shogi', 'Ephemera collecting', 'Herping', 'Stuffed toy collecting']",61,Santa Cruz County Office of Education,N/A
James Cagney,"['jurisprudential', 'Table tennis playing', 'Entrepreneurship', 'Field hockey', 'Laser tag']","['Pool', 'Cricket', 'Vacation']",85,UCSC - University of California at Santa Cruz,phd
John Hagelin,"['Hobby horsing', 'Radio-controlled model playing', 'Meditation', 'Laser tag']","['Racquetball', 'Roundnet', 'Kite flying', 'Knife collecting', 'BMX']",87,UCSC - University of California at Santa Cruz,undergraduate
Janet Reno,"['Basketball', 'Sea glass collecting', 'Herping']","['Horseback riding', 'Crystals', 'Literature', 'Lapel pins']",86,Santa Cruz County Regional Occupation Program,phd
Jefferson Davis,"['Radio-controlled model playing', 'Table tennis', 'Iceboat racing']","['Bowling', 'Kart racing', 'Paragliding', 'Graffiti', 'Ice skating']",20,Cabrillo College,masters
James G. Blaine,"['Iceboat racing', 'Radio-controlled model playing', 'Swimming']",['Parkour'],45,UCSC - University of California at Santa Cruz,N/A
Jeffrey Dahmer,"['Amusement park visiting', 'Dodgeball', 'Vegetable farming']","['Pool', 'Paragliding', 'Meditation']",72,Santa Cruz County Regional Occupation Program,masters
Jerome Kern,"['Renaissance fair', 'Rock climbing', 'Ephemera collecting', 'Butterfly watching']","['Tourism', 'Walking', 'Cornhole']",84,Did not attend college,N/A
James Stewart,"['Groundhopping', 'Go', 'Cricket', 'Ultimate frisbee', 'Book collecting']","['Fossicking', 'Car tuning', 'Dairy Farming']",87,Cabrillo College,undergraduate
Jackson Pollock,['Kite flying'],['Running'],55,Santa Cruz County Regional Occupation Program,phd
Joseph Campbell,"['Airsoft', 'Pole dancing', 'Meditation', 'Storm chasing']","['Sea glass collecting', 'Radio-controlled model playing', 'Action figure']",83,UCSC - University of California at Santa Cruz,undergraduate
John James Audubon,"['Beachcombing', 'Scutelliphily']",['Kitesurfing'],47,"CSUMB - California State University, Monterey Bay",phd
John Frankenheimer,['Video gaming'],"['Ticket collecting', 'Swimming', 'Radio-controlled model playing']",95,"CSUMB - California State University, Monterey Bay",masters
John Belushi,"['Skiing', 'People-watching', 'Transit map collecting', 'Racquetball']",['Literature'],93,Santa Cruz County Office of Education,masters
John Ashcroft,"['Lomography', 'Record collecting', 'Chess', 'Boxing', 'Motor sports']","['Badminton', 'Sled dog racing', 'Microbiology', 'Automobilism']",58,UCSC - University of California at Santa Cruz,masters
John Sutter,"['Sport stacking', 'Taekwondo']","['Camping', 'Lapel pins', 'Surfing', 'Jujitsu']",83,"CSUMB - California State University, Monterey Bay",phd
Jon Voight,"['Storm chasing', 'Renaissance fair', 'Car tuning', 'Vacation', 'Astronomy']",['Dog walking'],75,Santa Cruz County Office of Education,N/A
Jack Kirby,['Breakdancing'],"['Button collecting', 'Blacksmithing', 'Speedcubing', 'Groundhopping', 'Horseshoes']",54,Did not attend college,N/A
Kurt Gödel,['Radio-controlled model playing'],['Coin collecting'],89,Cabrillo College,phd
Kyle MacLachlan,"['Trapshooting', 'Fruit picking', 'Powerlifting']","['Volleyball', 'Tai chi', 'Marbles', 'Pool', 'jurisprudential']",51,Cabrillo College,N/A
Kenesaw Mountain Landis,"['Jogging', 'Topiary', 'Swimming']",['Science and technology studies'],21,Santa Cruz County Regional Occupation Program,phd
Kareem Abdul-Jabbar,"['Billiards', 'Story writing', 'Sun bathing']","['Finance', 'History', 'Herping']",53,Santa Cruz County Office of Education,phd
Kathy Acker,"['Trainspotting', 'Racquetball', 'Foraging']","['Letterboxing', 'Airsoft', 'Snorkeling', 'Paragliding', 'Cooking']",95,UCSC - University of California at Santa Cruz,N/A
Kit Carson,['Video gaming'],"['Guerrilla gardening', 'Trainspotting', 'Basketball', 'Curling', 'Magnet fishing']",49,Did not attend college,N/A
Kristi Yamaguchi,"['Leaves', 'Crystals', 'Parkour']","['Transit map collecting', 'Transit map collecting']",88,Cabrillo College,masters
Kirsten Dunst,['Amateur astronomy'],"['Picnicking', 'Animal fancy', 'Rugby league football', 'Auto racing', 'Herping']",89,Santa Cruz County Office of Education,phd
Laura Bush,"['Business', 'Horseback riding', 'Badminton', 'Sculling\xa0or\xa0rowing']",['Marbles'],30,Did not attend college,N/A
Leon M. Lederman,"['Dowsing', 'Qigong', 'Rock climbing']","['Knife collecting', 'Astronomy', 'Walking', 'Photography', 'Cornhole']",78,"CSUMB - California State University, Monterey Bay",phd
Louise Erdrich,"['Gymnastics', 'Iceboat racing', 'jurisprudential', 'Fingerprint collecting']","['Horseback riding', 'Taekwondo', 'Fossicking', 'Cornhole', 'Animal fancy']",100,UCSC - University of California at Santa Cruz,masters
Lyman Frank Baum,"['Sports memorabilia', 'Sports science', 'Philately']","['Biology', 'Transit map collecting']",18,"CSUMB - California State University, Monterey Bay",N/A
Louis Ginzberg,"['Animal fancy', 'Powerboat racing', 'Fossil hunting', 'Cartophily\xa0(card collecting)', 'Compact discs']","['Dairy Farming', 'Fishing', 'Rail transport modelling', 'Roundnet', 'Handball']",19,"CSUMB - California State University, Monterey Bay",masters
Morton Downey Jr.,"['Picnicking', 'Laser tag', 'Marbles', 'Speedcubing', 'Animal fancy']","['Antiquities', 'jurisprudential', 'Camping', 'Model United Nations', 'Bowling']",54,Cabrillo College,phd
Matt Groening,"['Kitesurfing', 'Religious studies', 'Fitness']","['Parkour', 'Action figure', 'BASE jumping', 'Guerrilla gardening', 'Kart racing']",25,UCSC - University of California at Santa Cruz,N/A
Mortimer J. Adler,"['Scouting', 'Backgammon', 'Sports science']","['Camping', 'Australian rules football']",82,Santa Cruz County Office of Education,phd
Mariah Carey,"['Baking', 'Hooping']","['Pool', 'Table tennis playing']",53,Santa Cruz County Office of Education,phd
Milton Friedman,"['Sled dog racing', 'Flower collecting and pressing', 'Climbing']","['Teaching', 'Boxing']",23,Santa Cruz County Regional Occupation Program,N/A
Max Steiner,"['Model United Nations', 'Sociology', 'Business', 'Cribbage']","['Lomography', 'Judo', 'Marbles', 'Video game collecting']",92,Santa Cruz County Regional Occupation Program,phd
Minoru Yamasaki,"['Herping', 'Entrepreneurship', 'Gardening']",['Graffiti'],26,Santa Cruz County Regional Occupation Program,masters
Marlon Brando,"['Railway modelling', 'Radio-controlled model playing', 'Fencing']","['Qigong', 'Table tennis playing', 'Gongoozling', 'Skiing']",18,Santa Cruz County Office of Education,undergraduate
Monica Lewinsky,"['Safari', 'Breakdancing', 'Herping']","['Iceboat racing', 'Trapshooting', 'Guerrilla gardening', 'Sculling\xa0or\xa0rowing', 'Pole dancing']",41,Santa Cruz County Regional Occupation Program,masters
Meir Kahane,"['Go', 'Sociology', 'Coin collecting', 'Climbing', 'Marbles']","['Lapel pins', 'Flying', 'Knife collecting', 'Horseback riding']",72,Did not attend college,N/A
Mel Brooks,['Racquetball'],"['Racquetball', 'Lapel pins', 'Deltiology\xa0(postcard collecting)', 'Field hockey']",79,UCSC - University of California at Santa Cruz,N/A
Murray Gell-Mann,"['Tennis', 'Renaissance fair', 'Climbing', 'Pickleball', 'Scutelliphily']",['Fingerprint collecting'],20,UCSC - University of California at Santa Cruz,N/A
Mance Lipscomb,['publishing'],"['Rock climbing', 'Model United Nations']",71,UCSC - University of California at Santa Cruz,masters
Morgan Freeman,['Bowling'],"['Table tennis', 'Whale watching', 'Bus spotting[22']",99,Santa Cruz County Office of Education,phd
Mordecai Kaplan,['Sport stacking'],"['Lapel pins', 'Skiing']",32,Did not attend college,N/A
Malcolm X,"['Radio-controlled model playing', 'Rappelling', 'Mini Golf', 'Scutelliphily']","['Sculling\xa0or\xa0rowing', 'Skiing', 'Speedcubing']",86,Did not attend college,N/A
Nicolas Cage,['Leaves'],['Auto detailing'],47,Santa Cruz County Office of Education,masters
Neil Armstrong,"['Camping', 'Softball', 'Animal fancy']","['Topiary', 'Go', 'Racquetball']",28,Did not attend college,N/A
Noam Chomsky,"['Pool', 'Rail transport modelling', 'Fencing']",['Trainspotting'],85,"CSUMB - California State University, Monterey Bay",masters
Naomi Wolf,"['Astronomy', 'Stamp collecting', 'Slacklining', 'Renaissance fair']","['Kite flying', 'Whale watching', 'Cribbage', 'Climbing']",40,Santa Cruz County Regional Occupation Program,N/A
Neil Peart,"['Marbles', 'Sports science', 'Climbing', 'Aerospace']","['Airsoft', 'Model United Nations']",72,Cabrillo College,undergraduate
Oscar Hammerstein II,"['Aerospace', 'Travel', 'Scutelliphily', 'Stone skipping']","['Mycology', 'Marching band', 'Dairy Farming']",81,"CSUMB - California State University, Monterey Bay",undergraduate
Paul Cohen,"['Lacrosse', 'Chess', 'Slacklining', 'Storm chasing']","['Dairy Farming', 'Lomography']",93,Cabrillo College,N/A
Pamela Anderson,"['Horseback riding', 'Vintage cars', 'Horseshoes']","['Scouting', 'Skateboarding', 'Coin collecting', 'Pickleball']",94,Santa Cruz County Office of Education,phd
Paul Robeson,"['Hooping', 'Badminton', 'Pole dancing', 'Blacksmithing']","['Aircraft spotting', 'Rappelling', 'Car tuning']",43,UCSC - University of California at Santa Cruz,undergraduate
Paula Abdul,"['Qigong', 'Inline skating', 'Color guard', 'Myrmecology']","['Parkour', 'Backgammon', 'Swimming', 'Auto detailing', 'Iceboat racing']",87,Santa Cruz County Regional Occupation Program,masters
Poul Anderson,"['Sports memorabilia', 'Aerospace', 'Sculling\xa0or\xa0rowing', 'Inline skating']","['Australian rules football', 'Coin collecting', 'Fitness', 'Religious studies']",97,"CSUMB - California State University, Monterey Bay",phd
Peter Falk,"['Gymnastics', 'Qigong', 'Groundhopping']","['Knife collecting', 'Sculling\xa0or\xa0rowing', 'Walking', 'Sun bathing']",27,Cabrillo College,phd
Paul Desmond,"['Auto racing', 'Radio-controlled model playing']","['Sports science', 'Kite flying', 'Video game collecting']",28,UCSC - University of California at Santa Cruz,phd
Philip Glass,"['Ant-keeping', 'Marching band', 'Architecture', 'Railway journeys', 'Fishing']","['Aircraft spotting', 'Ice skating', 'Safari']",100,UCSC - University of California at Santa Cruz,N/A
Peter Stuyvesant,"['Sociology', 'Shogi', 'Model United Nations', 'Bridge', 'Kitesurfing']",['Freestyle football'],40,Did not attend college,N/A
Peter David,"['Gold prospecting', 'Longboarding', 'Picnicking']",['Learning'],54,UCSC - University of California at Santa Cruz,N/A
Paul Auster,"['Cooking', 'Learning', 'Dodgeball', 'Fishing']","['Pickleball', 'Longboarding', 'Flower collecting and pressing']",70,Santa Cruz County Office of Education,masters
Peggy Lee,['Rugby league football'],"['Storm chasing', 'Fruit picking', 'Botany', 'Archery', 'Field hockey']",64,Did not attend college,N/A
Richard Feynman,"['Squash', 'Whale watching', 'Cribbage', 'Iceboat racing']",['Radio-controlled model playing'],89,Cabrillo College,masters
Raymond Chandler,"['Color guard', 'Beachcombing']","['BMX', 'Kitesurfing', 'Trapshooting']",66,Santa Cruz County Office of Education,masters
Ralph Nader,"['Horseback riding', 'BMX']","['Horsemanship', 'Board sports', 'Soccer', 'Cribbage']",49,Santa Cruz County Regional Occupation Program,masters
Robert Freitas,"['Chess', 'Gymnastics', 'Rock painting', 'Stamp collecting']",['Scouting'],52,"CSUMB - California State University, Monterey Bay",undergraduate
Ralph Merkle,['Ticket collecting'],['Parkour'],92,Cabrillo College,N/A
Robert Frost,"['Snowboarding', 'Speed skating']","['Billiards', 'Rock climbing', 'LARPing', 'Road biking']",90,Santa Cruz County Office of Education,undergraduate
Ray Kurzweil,['Trapshooting'],"['Comic book collecting', 'Orienteering']",72,Did not attend college,N/A
Roger Clemens,"['Bus spotting[22', 'Bowling']","['Deltiology\xa0(postcard collecting)', 'Speed skating', 'Model United Nations']",99,Santa Cruz County Office of Education,undergraduate
Ron Popeil,['Dowsing'],"['Badminton', 'BMX', 'Lacrosse', 'Jogging', 'Renovating']",40,Santa Cruz County Office of Education,N/A
Ray Bradbury,"['Philosophy', 'Speed skating', 'Blacksmithing']","['Blacksmithing', 'Scuba diving', 'Picnicking', 'Surfing']",98,Cabrillo College,phd
Robert Bloch,"['Renovating', 'Radio-controlled model playing', 'Notaphily\xa0(banknote collecting)']","['Powerboat racing', 'Gold prospecting', 'Road biking']",45,Did not attend college,N/A
Rob Reiner,"['Camping', 'Table tennis']","['Sports science', 'Fencing']",24,Santa Cruz County Regional Occupation Program,phd
Raphael Hawaweeny,['Video gaming'],"['Letterboxing', 'Graffiti']",25,Did not attend college,N/A
Rosa Parks,['Hunting'],"['Parkour', 'Flying model planes', 'Transit map collecting', 'Road biking', 'Table tennis']",47,Santa Cruz County Office of Education,phd
Richard Hell,"['jurisprudential', 'Compact discs']","['publishing', 'Curling', 'Fencing', 'Baking']",86,Did not attend college,N/A
Shannon Elizabeth,['Tai chi'],"['Lomography', 'Learning']",81,Santa Cruz County Regional Occupation Program,N/A
Stanley Kubrick,"['Skiing', 'Fencing', 'Scouting', 'Rugby league football', 'Jogging']","['Dog walking', 'Fossicking', 'Insect collecting', 'Ballet dancing', 'Speedcubing']",22,UCSC - University of California at Santa Cruz,phd
Spike Jonze,"['Myrmecology', 'Blacksmithing']",['Astronomy'],59,Did not attend college,N/A
Stephen King,['Sled dog racing'],"['Book collecting', 'Sculling\xa0or\xa0rowing', 'Deltiology\xa0(postcard collecting)', 'Parkour']",57,Santa Cruz County Regional Occupation Program,masters
Simon Flexner,['Bus spotting[22'],['Butterfly watching'],51,Santa Cruz County Office of Education,undergraduate
Sarah Michelle Gellar,"['Skiing', 'Cribbage', 'Insect collecting']","['BASE jumping', 'Roller skating']",41,UCSC - University of California at Santa Cruz,undergraduate
Stanley Milgram,"['Amateur astronomy', 'Geocaching', 'Bus spotting[22']","['Radio-controlled model playing', 'Gymnastics', 'Table tennis', 'Color guard']",62,Cabrillo College,undergraduate
Sam Peckinpah,"['Travel', 'Literature', 'Linguistics', 'Antiquities']","['Vegetable farming', 'Animal fancy']",21,Cabrillo College,undergraduate
Sonny Bono,"['Freestyle football', 'Climbing', 'Crystals', 'Sled dog racing', 'Handball']","['Ultimate frisbee', 'Business']",42,Santa Cruz County Regional Occupation Program,phd
Salma Hayek,"['Climbing', 'Stone skipping']","['Tea bag collecting', 'Finance', 'Flying model planes', 'Audiophile', 'Safari']",72,"CSUMB - California State University, Monterey Bay",masters
Seymour Papert,"['Vintage cars', 'Blacksmithing', 'Movie memorabilia collecting', 'Lomography']","['Scouting', 'Rock painting', 'Parkour', 'Sculling\xa0or\xa0rowing']",70,Did not attend college,N/A
Sam Raimi,"['Sport stacking', 'Amateur astronomy', 'Scouting']",['Geocaching'],41,Cabrillo College,phd
Susan Faludi,['Literature'],['Swimming'],45,Did not attend college,N/A
Sylvia Plath,"['Skateboarding', 'Sports science', 'Medical science', 'BASE jumping']","['Topiary', 'Kabaddi', 'Swimming']",50,Santa Cruz County Regional Occupation Program,N/A
Salman Rushdie,"['Jujitsu', 'Dog walking', 'Bodybuilding']","['Parkour', 'Kite flying', 'Leaves', 'Gongoozling', 'Guerrilla gardening']",58,Santa Cruz County Office of Education,phd
Saul Bellow,"['Snowboarding', 'Mycology']","['Tea bag collecting', 'Aircraft spotting']",85,Cabrillo College,undergraduate
Solomon Schechter,"['Rock climbing', 'Sand art', 'Netball']","['Railway journeys', 'Vacation', 'Radio-controlled model playing']",65,Santa Cruz County Regional Occupation Program,N/A
Sam Loyd,"['Kabaddi', 'Inline skating']",['Stone skipping'],55,Cabrillo College,undergraduate
Stephen Sondheim,"['Kitesurfing', 'Kitesurfing']","['Road biking', 'Fencing', 'Bowling', 'Horseshoes', 'Flying model planes']",21,"CSUMB - California State University, Monterey Bay",phd
Sandra Bullock,"['Blacksmithing', 'Dolls', 'Microbiology', 'History']","['Exhibition drill', 'Ephemera collecting', 'Motor sports', 'Car riding']",43,Santa Cruz County Regional Occupation Program,undergraduate
Steve Ditko,"['Photography', 'Art collecting', 'Sports science', 'Flying model planes']","['Table tennis', 'Fitness', 'Table tennis', 'Fencing', 'Running']",23,"CSUMB - California State University, Monterey Bay",N/A
Steve Ballmer,"['Figure Skating', 'Gold prospecting']","['Knife collecting', 'Squash', 'Flying', 'Radio-controlled model playing', 'Renovating']",60,Cabrillo College,masters
Tiffani Thiessen,"['Bowling', 'Renaissance fair']","['publishing', 'LARPing', 'Vegetable farming', 'Canyoning']",51,"CSUMB - California State University, Monterey Bay",phd
Thomas Edison,"['Cornhole', 'Flying model planes', 'Compact discs', 'jurisprudential', 'Dowsing']","['Dog sport', 'Flying model planes', 'Rappelling', 'Herping']",43,Santa Cruz County Regional Occupation Program,undergraduate
Tom Clancy,"['Kart racing', 'Speed skating', 'Soccer', 'Sports memorabilia']","['Fencing', 'Dairy Farming', 'Ephemera collecting']",99,Cabrillo College,N/A
Tommy Lee,"['Cycling', 'Climbing']",['Rugby league football'],40,UCSC - University of California at Santa Cruz,undergraduate
Tom Daschle,['Finance'],"['Shogi', 'jurisprudential', 'Mycology', 'Gold prospecting', 'Learning']",58,UCSC - University of California at Santa Cruz,N/A
Thomas McKean,"['Architecture', 'Cooking', 'Whale watching', 'Swimming', 'Fingerprint collecting']","['Cornhole', 'Skiing', 'Sled dog racing', 'Judo', 'Auto racing']",84,Did not attend college,N/A
Ted Raimi,"['Ballet dancing', 'Scutelliphily', 'Climbing', 'Walking']","['Stuffed toy collecting', 'Geocaching', 'Bowling', 'Archery']",27,"CSUMB - California State University, Monterey Bay",N/A
Tom Cruise,"['Color guard', 'Religious studies', 'Cribbage', 'Beachcombing']","['Sculling\xa0or\xa0rowing', 'Longboarding']",48,Cabrillo College,phd
Stonewall Jackson,"['Fencing', 'Badminton', 'Rock climbing', 'Parkour']","['Rughooking', 'Orienteering']",42,Cabrillo College,masters
Vinton Cerf,"['Crystals', 'Lomography', 'Horseshoes', 'History', 'Transit map collecting']","['LARPing', 'Art collecting', 'Mini Golf', 'Model United Nations']",24,UCSC - University of California at Santa Cruz,phd
Victor Borge,"['Handball', 'Fingerprint collecting', 'Lacrosse', 'Speedcubing']","['Bowling', 'Bus spotting[22', 'Rock climbing', 'Fruit picking', 'Kart racing']",73,UCSC - University of California at Santa Cruz,phd
Vannevar Bush,['Coin collecting'],"['Entrepreneurship', 'Bridge', 'Railway journeys', 'Lapel pins', 'Dairy Farming']",85,Santa Cruz County Office of Education,N/A
Woody Allen,"['Snowmobiling', 'Fishing', 'Motor sports', 'Skiing']",['Road biking'],19,"CSUMB - California State University, Monterey Bay",phd
Walt Disney,"['Horseback riding', 'Tai chi', 'Running']","['Rock climbing', 'Roller skating']",23,Did not attend college,N/A
Warren G. Harding,"['Shogi', 'Tourism']","['Horsemanship', 'Business', 'Fencing', 'Speed skating', 'Bodybuilding']",20,Cabrillo College,phd
William DeVries,"['Snowmobiling', 'Vegetable farming', 'Linguistics', 'Action figure']","['Geocaching', 'Racquetball']",87,Santa Cruz County Office of Education,phd
Woody Guthrie,"['Sled dog racing', 'Mini Golf', 'Storm chasing', 'Gymnastics', 'Bus spotting[22']","['Table tennis', 'Flying', 'Pole dancing', 'Coin collecting', 'Dairy Farming']",19,Santa Cruz County Regional Occupation Program,undergraduate
William McKinley,['Table tennis playing'],"['Beachcombing', 'Action figure']",63,Santa Cruz County Office of Education,phd
William S. Burroughs,"['Road biking', 'Skateboarding']","['Flying model planes', 'Ticket collecting', 'Architecture', 'Judo', 'Coin collecting']",56,"CSUMB - California State University, Monterey Bay",masters
William Seward Burroughs I,"['Motor sports', 'Notaphily\xa0(banknote collecting)', 'Race walking', 'Renaissance fair', 'Speed skating']","['Sports memorabilia', 'Rock climbing']",66,Cabrillo College,phd
Will Eisner,['Photography'],"['Go', 'Speed skating', 'Amusement park visiting']",38,UCSC - University of California at Santa Cruz,phd
Winona Ryder,['Flower collecting and pressing'],"['Climbing', 'Bowling', 'Pickleball', 'Gardening']",48,Santa Cruz County Office of Education,N/A
Yngwie Malmsteen,['Fingerprint collecting'],"['Table tennis', 'Baton twirling', 'Fencing']",60,Did not attend college,N/A
Todd Rundgren,"['Bowling', 'Literature', 'Laser tag', 'Knife collecting', 'Flying model planes']","['Camping', 'Softball', 'Climbing', 'Dog walking']",31,UCSC - University of California at Santa Cruz,N/A
Melissa Sue Anderson,"['Philosophy', 'Blacksmithing']","['Dog sport', 'Color guard', 'Sculling\xa0or\xa0rowing']",20,Cabrillo College,phd
Edna Ferber,"['Fishing', 'Bus spotting[22', 'Sports memorabilia', 'Ice skating', 'Bowling']","['Speed skating', 'Dolls', 'Shooting', 'Longboarding', 'Inline skating']",61,Cabrillo College,masters
Edward Teller,"['Flower collecting and pressing', 'Sport stacking', 'Graffiti', 'publishing', 'Finance']","['Action figure', 'Flying model planes']",37,Cabrillo College,masters
Micky Dolenz,"['Airsoft', 'Lacrosse', 'Table tennis playing', 'Table tennis playing']","['Sculling\xa0or\xa0rowing', 'Whale watching']",90,Santa Cruz County Regional Occupation Program,undergraduate
Igor Stravinsky,"['Canoeing', 'Road biking']","['Car tuning', 'Dairy Farming', 'Sun bathing']",44,Did not attend college,N/A
Natalie Portman,['Geocaching'],"['Fossil hunting', 'Fingerprint collecting', 'Speedcubing']",47,UCSC - University of California at Santa Cruz,undergraduate
Otto Preminger,"['Stone skipping', 'Flying', 'Cartophily\xa0(card collecting)', 'Pole dancing', 'Action figure']","['Radio-controlled model playing', 'Mycology', 'Climbing', 'Kitesurfing']",55,Did not attend college,N/A
Michael Bloomberg,"['Flying', 'Inline skating']","['Insect collecting', 'BASE jumping', 'Sculling\xa0or\xa0rowing', 'Cornhole', 'Lacrosse']",86,Santa Cruz County Office of Education,phd
Phillis Wheatley,['Blacksmithing'],['Kart racing'],88,Santa Cruz County Office of Education,masters
Ernest Lawrence,"['Bus spotting[22', 'Transit map collecting', 'Crystals', 'Radio-controlled model playing', 'Learning']",['Architecture'],57,Santa Cruz County Office of Education,masters
Spiro Agnew,"['Chess', 'Lomography', 'Video game collecting', 'Shooting sports']","['Motorcycling', 'Aerospace', 'Animal fancy', 'Sculling\xa0or\xa0rowing']",66,Cabrillo College,N/A
Waylon Jennings,['Motor sports'],"['Backpacking', 'Airsoft', 'Cribbage', 'Pool', 'Crystals']",38,Santa Cruz County Regional Occupation Program,masters
Jon Appleton,['Renaissance fair'],"['Table tennis', 'Bowling', 'Softball', 'Book collecting']",51,"CSUMB - California State University, Monterey Bay",phd
John Philip Sousa,"['Aerospace', 'Radio-controlled model playing']","['Motor sports', 'Biology', 'Horsemanship', 'Photography', 'Antiquities']",48,"CSUMB - California State University, Monterey Bay",N/A
Casimir Funk,"['Rock climbing', 'Sports science']","['Dairy Farming', 'Marbles']",77,Cabrillo College,masters
Jennifer Aniston,"['Radio-controlled model playing', 'Field hockey']","['Herping', 'Table tennis playing', 'Ultimate frisbee']",66,Santa Cruz County Office of Education,N/A
Harry Turtledove,"['Sea glass collecting', 'Lacrosse', 'Chess']","['Car tuning', 'Business']",79,"CSUMB - California State University, Monterey Bay",N/A
Anton Cermak,"['Ephemera collecting', 'Religious studies']","['Curling', 'Surfing', 'Entrepreneurship', 'Cribbage']",89,Santa Cruz County Regional Occupation Program,undergraduate
Sarah Hughes,"['Railway journeys', 'Taekwondo', 'Motorcycling']","['Fitness', 'Sled dog racing', 'Volleyball', 'Botany']",87,Santa Cruz County Office of Education,N/A
James A. Garfield,['Bowling'],"['Video gaming', 'Insect collecting', 'Powerlifting']",27,"CSUMB - California State University, Monterey Bay",undergraduate
Alexander Hamilton,"['Story writing', 'Badminton', 'Road biking']","['Powerboat racing', 'Mini Golf', 'Auto detailing']",93,Cabrillo College,undergraduate
William Jennings Bryan,"['Hooping', 'Cribbage', 'Meditation']","['Sports memorabilia', 'Stamp collecting']",85,"CSUMB - California State University, Monterey Bay",phd
Bix Beiderbecke,"['Photography', 'Stamp collecting', 'Lapel pins', 'Business', 'Aircraft spotting']","['Airsoft', 'Chess', 'Archery', 'Australian rules football']",73,Cabrillo College,N/A
Clark Gable,"['Letterboxing', 'Biology']","['Element collecting', 'Flying']",61,Cabrillo College,phd
George S. Patton,"['Animal fancy', 'Story writing', 'Speedcubing']","['Fencing', 'Horsemanship', 'Australian rules football', 'Skiing', 'Roundnet']",28,UCSC - University of California at Santa Cruz,undergraduate
Christopher Lambert,"['Speed skating', 'Canyoning', 'Longboarding', 'Model United Nations']","['BMX', 'Gold prospecting']",78,Did not attend college,N/A
Cameron Diaz,"['Video game collecting', 'Renaissance fair', 'Mycology']","['Butterfly watching', 'Railway journeys', 'Vacation', 'Radio-controlled model playing']",94,Cabrillo College,masters
Dustin Hoffman,['Slacklining'],"['Swimming', 'Graffiti', 'Hunting']",100,Santa Cruz County Office of Education,phd
Walter Mondale,"['Beach volleyball', 'Travel', 'Aerospace', 'Blacksmithing']","['Table tennis', 'Rugby league football', 'Foraging']",37,UCSC - University of California at Santa Cruz,phd
Gillian Anderson,"['Medical science', 'Shogi']","['Go', 'Table tennis playing', 'Beachcombing', 'Chess', 'Graffiti']",37,UCSC - University of California at Santa Cruz,undergraduate
Victor Davis Hanson,"['Rock climbing', 'Kabaddi', 'Laser tag', 'Business', 'Astronomy']","['Gold prospecting', 'Dairy Farming', 'Geocaching', 'Flower collecting and pressing']",46,Santa Cruz County Office of Education,phd
Elizabeth Taylor,"['Movie memorabilia collecting', 'Climbing', 'Paragliding', 'LARPing', 'Cribbage']","['Beachcombing', 'Trapshooting']",27,Cabrillo College,phd
Gwyneth Paltrow,"['Flower collecting and pressing', 'Rock climbing']","['Literature', 'Chess', 'Dairy Farming', 'Trainspotting']",74,Santa Cruz County Regional Occupation Program,phd
Hubert Humphrey,"['Chess', 'Amusement park visiting', 'Flying', 'Trainspotting']","['Groundhopping', 'Radio-controlled model playing', 'Book collecting', 'Kite flying']",88,Santa Cruz County Regional Occupation Program,masters
Chaz Bono,"['Fossil hunting', 'Geocaching', 'Camping', 'Speed skating', 'Laser tag']",['Teaching'],53,UCSC - University of California at Santa Cruz,N/A
Yogi Berra,"['Gymnastics', 'Fossil hunting', 'Whale watching']","['Art collecting', 'Ice skating', 'Blacksmithing', 'Herping', 'Rock climbing']",72,"CSUMB - California State University, Monterey Bay",masters
Ava Gardner,"['Gymnastics', 'Skateboarding', 'Surfing']","['Pool', 'Radio-controlled model playing', 'Vintage cars']",100,"CSUMB - California State University, Monterey Bay",N/A
Leonard Bernstein,"['Go', 'Kabaddi', 'Jogging']","['People-watching', 'Teaching', 'jurisprudential']",68,"CSUMB - California State University, Monterey Bay",masters
Barbara Stanwyck,"['Trapshooting', 'Scouting', 'Action figure']","['Sports science', 'Photography', 'Ephemera collecting', 'Gardening']",57,Cabrillo College,masters
Tiger Woods,['Lotology\xa0(lottery ticket collecting)'],"['Rock climbing', 'Letterboxing']",85,"CSUMB - California State University, Monterey Bay",undergraduate
Clint Eastwood,"['Climbing', 'Pool', 'Powerboat racing', 'Iceboat racing', 'Aircraft spotting']","['Sports science', 'Railway modelling']",52,Cabrillo College,masters
John B. Anderson,"['Softball', 'Horsemanship', 'Renaissance fair', 'Coin collecting']","['Guerrilla gardening', 'Pole dancing', 'Automobilism', 'Horseshoes', 'Softball']",75,Did not attend college,N/A
Ross Perot,"['Darts', 'Racquetball', 'Radio-controlled model playing', 'Camping']",['Exhibition drill'],94,Santa Cruz County Office of Education,phd
Tom Hanks,['Picnicking'],"['Knife collecting', 'Fishing', 'Dodgeball', 'Snowboarding']",82,Did not attend college,N/A
John McCain,['Picnicking'],"['Vacation', 'Polo']",20,Cabrillo College,masters
Eddie Blazonczyk,"['Cornhole', 'Canoeing']","['Book collecting', 'Entrepreneurship', 'Tennis', 'People-watching']",86,Santa Cruz County Office of Education,phd
Frankie Yankovic,['Speed skating'],['Fruit picking'],95,Cabrillo College,phd
Robert Altman,"['Vacation', 'Laser tag', 'Jogging', 'Slacklining']","['Dowsing', 'Rock climbing', 'Climbing', 'Geocaching']",92,"CSUMB - California State University, Monterey Bay",N/A
Andie MacDowell,"['Flying', 'Business']",['Snowmobiling'],39,Cabrillo College,masters
Peter Bogdanovich,"['Dairy Farming', 'Dairy Farming', 'Fossicking', 'Sport stacking', 'Antiquities']","['Speed skating', 'Rock climbing', 'Kabaddi', 'Guerrilla gardening', 'Bowling']",46,Santa Cruz County Office of Education,phd
Billy Joel,['Lapel pins'],"['Parkour', 'Notaphily\xa0(banknote collecting)', 'Jujitsu', 'Powerlifting']",49,Did not attend college,N/A
Harrison Ford,"['Jujitsu', 'Photography', 'LARPing', 'Lacrosse', 'Longboarding']","['Animal fancy', 'Safari', 'Astronomy']",96,UCSC - University of California at Santa Cruz,masters
John Huston,"['Fingerprint collecting', 'Orienteering', 'Surfing']","['Kitesurfing', 'Footbag']",36,Cabrillo College,phd
Mel Gibson,['Pickleball'],"['Book collecting', 'Snowboarding', 'Deltiology\xa0(postcard collecting)', 'Fishing', 'Speed skating']",94,Santa Cruz County Regional Occupation Program,N/A
Steven Pinker,"['Road biking', 'Flying model planes', 'Record collecting', 'Dominoes']","['Kabaddi', 'Flying model planes', 'Horsemanship', 'Meditation', 'Butterfly watching']",20,Cabrillo College,N/A
Thora Birch,"['Race walking', 'Comic book collecting']","['Table tennis', 'Rock climbing', 'Road biking', 'Bowling']",97,Santa Cruz County Office of Education,undergraduate
Charles Fort,['Element collecting'],"['Powerboat racing', 'Iceboat racing', 'Paragliding', 'Graffiti', 'Teaching']",53,Santa Cruz County Regional Occupation Program,undergraduate
Helen Hunt,['Ant-keeping'],['Sports science'],49,Did not attend college,N/A
Sharon Tate,"['Trapshooting', 'Taekwondo', 'Blacksmithing']","['Pool', 'Lomography', 'Crystals']",51,Santa Cruz County Regional Occupation Program,masters
Mel Blanc,"['Audiophile', 'Astronomy', 'Myrmecology', 'Powerlifting', 'Botany']","['Vintage cars', 'Paintball', 'Dairy Farming', 'Guerrilla gardening', 'Letterboxing']",86,"CSUMB - California State University, Monterey Bay",N/A
Frederick T. Frelinghuysen,"['Radio-controlled model playing', 'Mycology', 'Whale watching', 'Art collecting']","['Table tennis playing', 'Marbles', 'Horseback riding', 'Story writing', 'Sports memorabilia']",83,Cabrillo College,N/A
Lynn Margulis,"['Table tennis playing', 'Element collecting']","['Aerospace', 'Beachcombing', 'Boxing']",85,Santa Cruz County Office of Education,masters
Joan Crawford,"['Sports science', 'Dairy Farming', 'Slacklining', 'Button collecting', 'Scutelliphily']","['Stuffed toy collecting', 'Baking']",80,Santa Cruz County Regional Occupation Program,undergraduate
Sidney Poitier,"['Racquetball', 'Graffiti', 'Trapshooting', 'Antiquities']",['Handball'],52,"CSUMB - California State University, Monterey Bay",N/A
Gábor Szegő,"['Shogi', 'Animal fancy']","['Scutelliphily', 'Lacrosse', 'Skydiving']",100,UCSC - University of California at Santa Cruz,phd
Charlton Heston,"['Transit map collecting', 'Sports memorabilia', 'Lomography', 'Motor sports']","['Business', 'Hobby horsing', 'Linguistics', 'Photography']",47,Cabrillo College,N/A
Henry Fonda,"['Linguistics', 'Hooping', 'Mycology', 'Race walking']","['Flying', 'Renaissance fair', 'Herping', 'Camping']",53,"CSUMB - California State University, Monterey Bay",phd
Jeffrey Moussaieff Masson,"['Gardening', 'Sun bathing']","['Mini Golf', 'Camping', 'Go']",23,Did not attend college,N/A
Valerie Solanas,"['Insect collecting', 'Sun bathing', 'Rughooking']","['Footbag', 'Astronomy']",43,Did not attend college,N/A
Saul Kripke,['Table tennis'],"['Roller skating', 'Badminton']",32,UCSC - University of California at Santa Cruz,N/A
Goldie Hawn,['Fishing'],"['Dog walking', 'Picnicking', 'Fingerprint collecting', 'Pickleball']",37,Santa Cruz County Office of Education,phd
Adrienne Rich,"['Knife collecting', 'Walking', 'Shogi', 'Hobby horsing']",['Neuroscience'],18,Did not attend college,N/A
Irving Berlin,"['Shooting', 'Softball', 'Field hockey', 'Book collecting', 'Graffiti']","['Video gaming', 'publishing', 'Scuba diving', 'Sculling\xa0or\xa0rowing']",28,UCSC - University of California at Santa Cruz,N/A
Nathan Bedford Forrest,"['Radio-controlled model playing', 'Kitesurfing', 'Mini Golf', 'Renaissance fair', 'Speedcubing']","['Radio-controlled model playing', 'Surfing', 'Fossicking', 'Beachcombing']",77,UCSC - University of California at Santa Cruz,masters
Dan Aykroyd,"['Snowboarding', 'Linguistics', 'Motor sports', 'Surfing', 'Geocaching']","['Linguistics', 'Movie memorabilia collecting']",47,"CSUMB - California State University, Monterey Bay",N/A
Paul Newman,"['Geocaching', 'Snorkeling', 'Kitesurfing', 'Camping']","['Storm chasing', 'Mini Golf']",29,UCSC - University of California at Santa Cruz,phd
Kenneth Arrow,"['Science and technology studies', 'Judo', 'Coin collecting']","['Trapshooting', 'Scuba diving', 'Astronomy', 'Pool', 'Slacklining']",97,UCSC - University of California at Santa Cruz,masters
Norman Granz,"['Renaissance fair', 'Qigong', 'Films']","['Kart racing', 'Shooting sports']",65,"CSUMB - California State University, Monterey Bay",undergraduate
Lenny Bruce,['Animal fancy'],['Cribbage'],53,Cabrillo College,N/A
Kate Chopin,"['Australian rules football', 'Vintage cars', 'Leaves', 'Airsoft', 'Flower collecting and pressing']","['Backgammon', 'Beach volleyball', 'Fencing', 'Racquetball']",77,"CSUMB - California State University, Monterey Bay",undergraduate
Lisa Lopes,['Marbles'],['Backgammon'],18,UCSC - University of California at Santa Cruz,undergraduate
Robert Urich,"['Graffiti', 'Swimming', 'Sport stacking', 'Boxing', 'Science and technology studies']","['Netball', 'Auto racing']",93,Did not attend college,N/A
Eugene V. Debs,"['Cricket', 'Notaphily\xa0(banknote collecting)', 'Geocaching']","['Flying model planes', 'Rock climbing', 'Notaphily\xa0(banknote collecting)']",24,Did not attend college,N/A
Sinclair Lewis,['Softball'],"['Kart racing', 'Volleyball']",80,Cabrillo College,undergraduate
Paul Simon,"['Darts', 'Knife collecting', 'Tennis polo', 'Table tennis', 'Auto racing']","['Animal fancy', 'Road biking', 'Photography', 'Dodgeball', 'Footbag']",69,Santa Cruz County Regional Occupation Program,undergraduate
Roger Ebert,"['Gongoozling', 'Lapel pins', 'Sport stacking']","['Religious studies', 'Radio-controlled model playing', 'Amusement park visiting', 'Australian rules football', 'Lotology\xa0(lottery ticket collecting)']",43,Cabrillo College,undergraduate
William Carlos Williams,"['Powerboat racing', 'Sport stacking', 'Photography']",['Vintage cars'],79,"CSUMB - California State University, Monterey Bay",phd
Joan Baez,"['Aerospace', 'Snowmobiling', 'Animal fancy']","['Hunting', 'Railway modelling']",23,Santa Cruz County Office of Education,undergraduate
Charles K. Kao,"['Record collecting', 'jurisprudential', 'Snowmobiling']","['Polo', 'Philosophy', 'Kart racing', 'Race walking', 'Sport stacking']",22,Santa Cruz County Regional Occupation Program,N/A
John Wozniak,"['Car tuning', 'Rock climbing', 'Lapel pins', 'Snorkeling']","['Knife collecting', 'Sea glass collecting']",73,UCSC - University of California at Santa Cruz,N/A
Aaron Copland,['Philosophy'],"['Stone skipping', 'Car tuning', 'Hooping', 'Pool']",92,Santa Cruz County Regional Occupation Program,masters
Miloš Forman,"['Iceboat racing', 'Audiophile', 'Pole dancing', 'Rock climbing', 'Backgammon']","['Flying model planes', 'Neuroscience', 'Board sports']",70,"CSUMB - California State University, Monterey Bay",masters
Sidney Altman,['Films'],"['Ephemera collecting', 'Cartophily\xa0(card collecting)', 'Laser tag']",88,"CSUMB - California State University, Monterey Bay",undergraduate
Luke Helder,['Butterfly watching'],['Learning'],96,Santa Cruz County Regional Occupation Program,phd
John C. Calhoun,['Book collecting'],['Cheerleading'],62,Cabrillo College,masters
Stephen Wolfram,['Lacrosse'],"['Jogging', 'Dodgeball']",94,Santa Cruz County Regional Occupation Program,N/A
Louis Sullivan,"['Speedcubing', 'Radio-controlled model playing', 'Rock climbing', 'Speed skating']","['Marching band', 'Paragliding', 'Hunting', 'Lotology\xa0(lottery ticket collecting)']",80,Santa Cruz County Regional Occupation Program,undergraduate
Krist Novoselic,"['Powerboat racing', 'Herping', 'Action figure', 'Squash']","['Speed skating', 'Rail transport modelling']",64,Cabrillo College,masters
Adlai Stevenson II,['Herping'],"['Handball', 'Ultimate frisbee', 'Crystals']",51,Did not attend college,N/A
David Blaine,"['Baton twirling', 'Table tennis playing', 'Comic book collecting']","['Tennis', 'Sun bathing']",38,Santa Cruz County Regional Occupation Program,undergraduate
Val Kilmer,"['Deltiology\xa0(postcard collecting)', 'Blacksmithing', 'Table tennis']","['Rock climbing', 'Trapshooting', 'Scouting', 'Tennis polo', 'Marching band']",92,Cabrillo College,N/A
Harry Houdini,"['Darts', 'Judo', 'Speed skating']",['Kart racing'],59,"CSUMB - California State University, Monterey Bay",phd
Frank Gehry,['Freestyle football'],['Safari'],40,Did not attend college,N/A
Tracey Ullman,"['Chess', 'Model United Nations']","['Ticket collecting', 'Microbiology', 'Stone skipping', 'Archery']",51,Santa Cruz County Office of Education,phd
Leonard Nimoy,['Rock painting'],"['Car tuning', 'BASE jumping', 'Cooking', 'Learning', 'Horseback riding']",87,"CSUMB - California State University, Monterey Bay",N/A
Louis Kahn,"['Dairy Farming', 'Marbles']","['Judo', 'Tea bag collecting', 'Architecture', 'Auto racing']",89,Santa Cruz County Regional Occupation Program,N/A
Ub Iwerks,"['Philosophy', 'Tai chi']",['Skiing'],30,Cabrillo College,N/A
Benny Goodman,"['Speedcubing', 'Surfing']","['Art collecting', 'Rugby league football', 'Tai chi', 'Rappelling', 'Paintball']",34,Did not attend college,N/A
Otto Harbach,"['Tea bag collecting', 'Vegetable farming', 'Bus spotting[22', 'Rail transport modelling', 'Knife collecting']","['Picnicking', 'LARPing', 'Judo']",29,Santa Cruz County Office of Education,N/A
Lorenz Hart,"['Butterfly watching', 'Insect collecting', 'Walking', 'Snorkeling', 'Automobilism']","['Architecture', 'Kabaddi', 'Dog walking']",44,"CSUMB - California State University, Monterey Bay",masters
Frederick Loewe,"['Orienteering', 'Sled dog racing']","['Gongoozling', 'Cribbage', 'Scutelliphily', 'Car tuning', 'Squash']",100,Santa Cruz County Office of Education,undergraduate
Moss Hart,['Fencing'],"['Iceboat racing', 'Rappelling', 'Boxing', 'Table tennis', 'Sun bathing']",46,"CSUMB - California State University, Monterey Bay",undergraduate
Samuel L. Jackson,"['Book collecting', 'Climbing', 'Ephemera collecting', 'Video game collecting', 'Movie memorabilia collecting']","['jurisprudential', 'Kabaddi', 'Fencing', 'Groundhopping']",31,"CSUMB - California State University, Monterey Bay",undergraduate
Scott Bakula,"['Comic book collecting', 'Picnicking', 'Graffiti', 'Rock climbing']","['Record collecting', 'Fishing']",83,Did not attend college,N/A
Andy Razaf,"['Sun bathing', 'Vintage cars', 'Vacation', 'Lapel pins', 'Knife collecting']","['Fitness', 'Scutelliphily', 'Travel', 'Snowboarding', 'Rock climbing']",80,UCSC - University of California at Santa Cruz,N/A
Nat Turner,"['BMX', 'Beachcombing', 'Rappelling']","['Stuffed toy collecting', 'Table tennis']",70,Santa Cruz County Regional Occupation Program,masters
Whoopi Goldberg,"['Laser tag', 'Cricket', 'Geocaching']",['Sculling\xa0or\xa0rowing'],43,Santa Cruz County Regional Occupation Program,undergraduate
Leslie Nielsen,"['Kitesurfing', 'Freestyle football', 'Learning', 'Pool']","['Book collecting', 'Racquetball']",66,Santa Cruz County Office of Education,undergraduate
Barbara McClintock,"['Lotology\xa0(lottery ticket collecting)', 'Inline skating', 'Flower collecting and pressing', 'Renaissance fair', 'Leaves']","['Book collecting', 'Kabaddi', 'Transit map collecting']",96,Santa Cruz County Regional Occupation Program,N/A
DeWitt Clinton,"['Billiards', 'Microbiology', 'Lacrosse', 'Video gaming', 'Literature']","['Knife collecting', 'Rock climbing', 'Car tuning', 'Hunting', 'Speedcubing']",62,"CSUMB - California State University, Monterey Bay",undergraduate
Gwen Verdon,"['Herping', 'Crystals', 'Radio-controlled model playing']","['Canoeing', 'Go', 'Judo', 'Butterfly watching']",42,"CSUMB - California State University, Monterey Bay",N/A
Cungagnaq,"['Speedcubing', 'Biology', 'Surfing', 'Groundhopping']","['Dog walking', 'BASE jumping', 'Architecture']",45,UCSC - University of California at Santa Cruz,undergraduate
Gus Hall,"['Sports science', 'Lapel pins', 'Animal fancy', 'Sculling\xa0or\xa0rowing', 'Biology']",['Renaissance fair'],36,"CSUMB - California State University, Monterey Bay",phd
Stanley Fish,"['Running', 'Surfing', 'Speedcubing', 'Marbles', 'Speed skating']","['Business', 'Airsoft']",45,Santa Cruz County Regional Occupation Program,phd
Steven Brust,"['Trainspotting', 'Rughooking', 'Flying']","['Mycology', 'publishing']",31,Did not attend college,N/A
Jeff Bridges,"['Amusement park visiting', 'Shooting', 'Board sports', 'Horsemanship']","['Philately', 'Geocaching', 'Laser tag', 'Tea bag collecting', 'Fishing']",45,UCSC - University of California at Santa Cruz,masters
Judi Bari,"['Fingerprint collecting', 'Sculling\xa0or\xa0rowing', 'Walking', 'Air hockey']",['Hooping'],33,"CSUMB - California State University, Monterey Bay",masters
Henry Bergh,"['Mycology', 'Stuffed toy collecting', 'Topiary', 'Board sports']","['History', 'Volleyball', 'Renovating', 'Rughooking', 'Cartophily\xa0(card collecting)']",76,Santa Cruz County Office of Education,N/A
Fred Gwynne,"['Kabaddi', 'Crystals']","['Walking', 'Motor sports']",86,Did not attend college,N/A
Aaron Burr,['Sun bathing'],"['Car tuning', 'Amusement park visiting', 'Racquetball', 'Business', 'Vacation']",86,UCSC - University of California at Santa Cruz,N/A
James M. Buchanan,"['Whale watching', 'Orienteering', 'Safari', 'Dog walking']","['Kabaddi', 'People-watching', 'Car tuning']",88,UCSC - University of California at Santa Cruz,phd
Yehudi Menuhin,['Automobilism'],"['Orienteering', 'Boxing', 'Airsoft', 'Ephemera collecting', 'Cartophily\xa0(card collecting)']",37,"CSUMB - California State University, Monterey Bay",undergraduate
Alexander Shulgin,"['Dowsing', 'Pool', 'Race walking', 'Flying', 'Radio-controlled model playing']","['Powerboat racing', 'Lacrosse', 'Notaphily\xa0(banknote collecting)']",22,Cabrillo College,N/A
Bernard Baruch,['Ultimate frisbee'],"['Motor sports', 'Knife collecting']",79,Santa Cruz County Regional Occupation Program,undergraduate
Rudolf Carnap,"['Lapel pins', 'Sports memorabilia', 'Ballet dancing']","['Shooting sports', 'Business', 'Beachcombing', 'Cribbage']",93,Santa Cruz County Office of Education,undergraduate
Thomas Szasz,['Jujitsu'],"['Table tennis', 'Sports memorabilia', 'Skiing']",63,"CSUMB - California State University, Monterey Bay",N/A
Wright brothers,"['Herping', 'Snowmobiling', 'History', 'Vintage cars', 'Trapshooting']","['Baton twirling', 'Groundhopping', 'Lacrosse', 'Transit map collecting']",31,Cabrillo College,phd
Lawrence Welk,"['Marbles', 'Bus spotting[22', 'Whale watching']","['Color guard', 'Softball', 'Kitesurfing', 'Laser tag']",98,Cabrillo College,undergraduate
Judy Garland,"['Ultimate frisbee', 'Action figure', 'jurisprudential']","['Car tuning', 'Boxing', 'Guerrilla gardening', 'Backpacking']",42,"CSUMB - California State University, Monterey Bay",masters
Ron Howard,"['Ballet dancing', 'Dog walking', 'Color guard', 'Powerboat racing']","['Racquetball', 'Climbing', 'Guerrilla gardening', 'Bus spotting[22']",95,Santa Cruz County Regional Occupation Program,N/A
Liza Minnelli,"['Table tennis playing', 'Mini Golf', 'Walking']","['Footbag', 'Cheerleading', 'Powerboat racing', 'Sand art']",71,UCSC - University of California at Santa Cruz,phd
Sam Houston,"['Mini Golf', 'Rock painting', 'Car tuning', 'Canoeing']","['Architecture', 'Horseback riding', 'Iceboat racing', 'Shogi', 'Gold prospecting']",54,"CSUMB - California State University, Monterey Bay",undergraduate
Alanis Morissette,"['Field hockey', 'Vintage cars', 'Insect collecting']","['Amateur astronomy', 'Marbles', 'Hooping', 'Speed skating', 'Polo']",69,Santa Cruz County Regional Occupation Program,undergraduate
Leslie Groves,"['Mycology', 'Sculling\xa0or\xa0rowing', 'Biology', 'Myrmecology', 'Gymnastics']",['Skydiving'],87,Santa Cruz County Office of Education,masters
Sergey Brin,"['Table tennis', 'Ballet dancing']","['Shooting sports', 'Herping', 'Cheerleading']",86,Santa Cruz County Regional Occupation Program,phd
Gene Rayburn,['Gardening'],"['Rock climbing', 'Herping']",91,Santa Cruz County Regional Occupation Program,phd
Greg Ginn,"['Dairy Farming', 'Baton twirling', 'Parkour']","['Snowmobiling', 'Hooping', 'Sled dog racing', 'publishing', 'Swimming']",29,Did not attend college,N/A
Dave Mustaine,"['Comic book collecting', 'Iceboat racing', 'Kitesurfing', 'Mycology']","['Car tuning', 'Video game collecting']",22,"CSUMB - California State University, Monterey Bay",undergraduate
Jamshied Sharifi,['Geocaching'],['Beekeeping'],25,"CSUMB - California State University, Monterey Bay",phd
John Wayne Gacy,"['Speedcubing', 'Speed skating']","['Geocaching', 'Cribbage', 'Road biking']",97,Santa Cruz County Regional Occupation Program,masters
Sylvester Stallone,"['Lapel pins', 'Flying model planes', 'Magnet fishing', 'Sun bathing', 'Geocaching']","['Cheerleading', 'Dog sport', 'Sport stacking', 'Travel']",54,Santa Cruz County Regional Occupation Program,masters
Tony Williams,['Fruit picking'],"['Basketball', 'Parkour']",73,Cabrillo College,undergraduate
David Ellefson,"['Whale watching', 'Geocaching']","['Baton twirling', 'Medical science']",48,UCSC - University of California at Santa Cruz,N/A
Yuliy Borisovich Briner,"['Tai chi', 'Topiary', 'Kitesurfing', 'Sports memorabilia']","['Footbag', 'Rail transport modelling']",77,Did not attend college,N/A
Danielle Steel,"['Freestyle football', 'Marbles']","['Car tuning', 'Geocaching']",46,Did not attend college,N/A
Bret Harte,"['Photography', 'Transit map collecting']","['Vacation', 'Insect collecting', 'Lomography', 'Sports memorabilia', 'Radio-controlled model playing']",90,Santa Cruz County Office of Education,phd
Gore Vidal,"['Softball', 'Skiing', 'Graffiti']","['Motorcycling', 'Dog sport', 'Bowling', 'Hooping', 'Myrmecology']",85,UCSC - University of California at Santa Cruz,undergraduate
William Wyler,['Motor sports'],"['Laser tag', 'Video game collecting']",86,"CSUMB - California State University, Monterey Bay",undergraduate
Elizabeth Patterson Bonaparte,['Flying model planes'],['Medical science'],32,"CSUMB - California State University, Monterey Bay",N/A
Jérôme Napoléon Bonaparte,"['Pool', 'Soccer', 'Shogi', 'Jujitsu', 'Dairy Farming']","['Shogi', 'Radio-controlled model playing', 'Sun bathing', 'Foraging', 'Cartophily\xa0(card collecting)']",92,Santa Cruz County Office of Education,phd
Jerome Napoleon Bonaparte II,"['Foraging', 'Audiophile', 'Judo']","['Scutelliphily', 'Iceboat racing', 'Animal fancy', 'Travel']",81,Cabrillo College,masters
Charles Joseph Bonaparte,"['Architecture', 'Amusement park visiting', 'Rappelling', 'Kite flying']","['Rock climbing', 'Road biking', 'Kitesurfing', 'Button collecting', 'Cheerleading']",43,Santa Cruz County Office of Education,phd
Warren Beatty,"['Sociology', 'Surfing']","['Coin collecting', 'Herping', 'Photography', 'Car tuning']",36,UCSC - University of California at Santa Cruz,masters
Walter Matthau,['Road biking'],"['Religious studies', 'Deltiology\xa0(postcard collecting)', 'Guerrilla gardening', 'Flower collecting and pressing']",41,Did not attend college,N/A
George McGovern,"['Table tennis', 'Groundhopping', 'Hooping']","['Radio-controlled model playing', 'Astronomy', 'Trapshooting', 'Rock painting']",41,Santa Cruz County Office of Education,phd
Jon Bon Jovi,['Blacksmithing'],"['Rock painting', 'Dairy Farming', 'Paintball']",100,"CSUMB - California State University, Monterey Bay",N/A
Captain Beefheart,"['Qigong', 'Beekeeping', 'Trapshooting', 'Scutelliphily']","['Scutelliphily', 'Sea glass collecting', 'Camping', 'Vintage cars', 'Powerlifting']",54,Did not attend college,N/A
Meryl Streep,['Fencing'],"['Foraging', 'Sculling\xa0or\xa0rowing', 'Lapel pins', 'Whale watching', 'Book collecting']",99,UCSC - University of California at Santa Cruz,masters
Jane Fonda,"['Backpacking', 'Inline skating', 'Railway modelling', 'publishing', 'Snowboarding']","['Fossil hunting', 'Hooping', 'Dominoes', 'Business', 'Cricket']",84,UCSC - University of California at Santa Cruz,undergraduate
Sissy Spacek,['Video game collecting'],"['Gardening', 'Mycology', 'Flower collecting and pressing', 'Flying model planes', 'Book collecting']",74,UCSC - University of California at Santa Cruz,phd
Peter Lorre,"['Groundhopping', 'Action figure', 'Sport stacking']","['Flying', 'Marbles', 'jurisprudential']",99,"CSUMB - California State University, Monterey Bay",N/A
Muhammad Ali,"['Guerrilla gardening', 'Animal fancy']","['Speedcubing', 'Blacksmithing']",21,Did not attend college,N/A
Chuck Palahniuk,"['jurisprudential', 'Animal fancy']","['Crystals', 'Herping', 'Renovating', 'Handball', 'Car tuning']",92,Did not attend college,N/A
William Luther Pierce,"['Sand art', 'Radio-controlled model playing', 'Auto detailing']",['Amusement park visiting'],37,Cabrillo College,N/A
Jacqueline Kennedy Onassis,['Scutelliphily'],['Paintball'],37,Santa Cruz County Regional Occupation Program,N/A
Rosemary Clooney,"['Sun bathing', 'Darts', 'Kart racing', 'Powerboat racing', 'Benchmarking']","['Flying model planes', 'Go', 'Tai chi', 'Billiards', 'Motor sports']",73,Santa Cruz County Regional Occupation Program,masters
Fred Astaire,"['Rock climbing', 'Skiing']",['Radio-controlled model playing'],63,Santa Cruz County Regional Occupation Program,phd
Asia Carrera,"['Dairy Farming', 'Blacksmithing']",['Letterboxing'],55,UCSC - University of California at Santa Cruz,phd
Edward Hopper,"['Parkour', 'Geocaching', 'Aircraft spotting']","['Cartophily\xa0(card collecting)', 'Running']",34,"CSUMB - California State University, Monterey Bay",N/A
Zoë Wanamaker,['Netball'],['Speed skating'],35,"CSUMB - California State University, Monterey Bay",N/A
Persi Diaconis,"['Video game collecting', 'Motorcycling', 'Bowling']","['Photography', 'Climbing']",99,Cabrillo College,undergraduate
Jesse Ventura,"['Medical science', 'Dog walking', 'Model United Nations', 'Sports memorabilia']","['Hobby horsing', 'Cheerleading']",61,Cabrillo College,masters
James Meredith,"['Biology', 'Photography', 'Pool', 'Renaissance fair', 'Kitesurfing']","['Pickleball', 'Book collecting']",78,"CSUMB - California State University, Monterey Bay",undergraduate
Buzz Aldrin,"['Vintage cars', 'Kabaddi', 'Speed skating', 'Aerospace']","['Roundnet', 'Antiquities', 'Geocaching', 'Ant-keeping', 'Badminton']",95,UCSC - University of California at Santa Cruz,masters
Stephen F. Austin,"['Hooping', 'Marbles']","['Herping', 'Sculling\xa0or\xa0rowing', 'Ant-keeping', 'Coin collecting', 'Tennis']",37,"CSUMB - California State University, Monterey Bay",phd
